<?xml version="1.0" encoding="UTF-8" ?>
<!DOCTYPE mapper PUBLIC "-//mybatis.org//DTD Mapper 3.0//EN" "http://mybatis.org/dtd/mybatis-3-mapper.dtd" >
<mapper namespace="com.asianrapid.dao.StudentMapper" >
  <resultMap id="BaseResultMap" type="com.asianrapid.po.Student" >
    <id column="stu_id" property="stuId" jdbcType="INTEGER" />
    <result column="name" property="name" jdbcType="VARCHAR" />
    <result column="age" property="age" jdbcType="VARCHAR" />
    <result column="school" property="school" jdbcType="VARCHAR" />
    <result column="score" property="score" jdbcType="VARCHAR" />
    <result column="COMMENT" property="comment" jdbcType="VARCHAR" />
    <result column="is_deleted" property="isDeleted" jdbcType="INTEGER" />
    <result column="created" property="created" jdbcType="TIMESTAMP" />
    <result column="updated" property="updated" jdbcType="TIMESTAMP" />
  </resultMap>
  <sql id="Example_Where_Clause" >
    <where >
      <foreach collection="oredCriteria" item="criteria" separator="or" >
        <if test="criteria.valid" >
          <trim prefix="(" suffix=")" prefixOverrides="and" >
            <foreach collection="criteria.criteria" item="criterion" >
              <choose >
                <when test="criterion.noValue" >
                  and ${criterion.condition}
                </when>
                <when test="criterion.singleValue" >
                  and ${criterion.condition} #{criterion.value}
                </when>
                <when test="criterion.betweenValue" >
                  and ${criterion.condition} #{criterion.value} and #{criterion.secondValue}
                </when>
                <when test="criterion.listValue" >
                  and ${criterion.condition}
                  <foreach collection="criterion.value" item="listItem" open="(" close=")" separator="," >
                    #{listItem}
                  </foreach>
                </when>
              </choose>
            </foreach>
          </trim>
        </if>
      </foreach>
    </where>
  </sql>
  <sql id="Update_By_Example_Where_Clause" >
    <where >
      <foreach collection="example.oredCriteria" item="criteria" separator="or" >
        <if test="criteria.valid" >
          <trim prefix="(" suffix=")" prefixOverrides="and" >
            <foreach collection="criteria.criteria" item="criterion" >
              <choose >
                <when test="criterion.noValue" >
                  and ${criterion.condition}
                </when>
                <when test="criterion.singleValue" >
                  and ${criterion.condition} #{criterion.value}
                </when>
                <when test="criterion.betweenValue" >
                  and ${criterion.condition} #{criterion.value} and #{criterion.secondValue}
                </when>
                <when test="criterion.listValue" >
                  and ${criterion.condition}
                  <foreach collection="criterion.value" item="listItem" open="(" close=")" separator="," >
                    #{listItem}
                  </foreach>
                </when>
              </choose>
            </foreach>
          </trim>
        </if>
      </foreach>
    </where>
  </sql>
  <sql id="Base_Column_List" >
    stu_id, name, age, school, score, COMMENT, is_deleted, created, updated
  </sql>
  <select id="selectByExample" resultMap="BaseResultMap" parameterType="com.asianrapid.po.StudentExample" >
    select
    <if test="distinct" >
      distinct
    </if>
    <include refid="Base_Column_List" />
    from student
    <if test="_parameter != null" >
      <include refid="Example_Where_Clause" />
    </if>
    <if test="orderByClause != null" >
      order by ${orderByClause}
    </if>
  </select>
  <select id="selectByPrimaryKey" resultMap="BaseResultMap" parameterType="java.lang.Integer" >
    select 
    <include refid="Base_Column_List" />
    from student
    where stu_id = #{stuId,jdbcType=INTEGER}
  </select>
  <delete id="deleteByPrimaryKey" parameterType="java.lang.Integer" >
    delete from student
    where stu_id = #{stuId,jdbcType=INTEGER}
  </delete>
  <delete id="deleteByExample" parameterType="com.asianrapid.po.StudentExample" >
    delete from student
    <if test="_parameter != null" >
      <include refid="Example_Where_Clause" />
    </if>
  </delete>
  <insert id="insert" parameterType="com.asianrapid.po.Student" >
    insert into student (stu_id, name, age, 
      school, score, COMMENT, 
      is_deleted, created, updated
      )
    values (#{stuId,jdbcType=INTEGER}, #{name,jdbcType=VARCHAR}, #{age,jdbcType=VARCHAR}, 
      #{school,jdbcType=VARCHAR}, #{score,jdbcType=VARCHAR}, #{comment,jdbcType=VARCHAR}, 
      #{isDeleted,jdbcType=INTEGER}, #{created,jdbcType=DATE}, #{updated,jdbcType=DATE}
      )
  </insert>
  <insert id="insertSelective" parameterType="com.asianrapid.po.Student" >
    insert into student
    <trim prefix="(" suffix=")" suffixOverrides="," >
      <if test="stuId != null" >
        stu_id,
      </if>
      <if test="name != null" >
        name,
      </if>
      <if test="age != null" >
        age,
      </if>
      <if test="school != null" >
        school,
      </if>
      <if test="score != null" >
        score,
      </if>
      <if test="comment != null" >
        COMMENT,
      </if>
      <if test="isDeleted != null" >
        is_deleted,
      </if>
      <if test="created != null" >
        created,
      </if>
      <if test="updated != null" >
        updated,
      </if>
    </trim>
    <trim prefix="values (" suffix=")" suffixOverrides="," >
      <if test="stuId != null" >
        #{stuId,jdbcType=INTEGER},
      </if>
      <if test="name != null" >
        #{name,jdbcType=VARCHAR},
      </if>
      <if test="age != null" >
        #{age,jdbcType=VARCHAR},
      </if>
      <if test="school != null" >
        #{school,jdbcType=VARCHAR},
      </if>
      <if test="score != null" >
        #{score,jdbcType=VARCHAR},
      </if>
      <if test="comment != null" >
        #{comment,jdbcType=VARCHAR},
      </if>
      <if test="isDeleted != null" >
        #{isDeleted,jdbcType=INTEGER},
      </if>
      <if test="created != null" >
        #{created,jdbcType=DATE},
      </if>
      <if test="updated != null" >
        #{updated,jdbcType=DATE},
      </if>
    </trim>
  </insert>
  <select id="countByExample" parameterType="com.asianrapid.po.StudentExample" resultType="java.lang.Integer" >
    select count(*) from student
    <if test="_parameter != null" >
      <include refid="Example_Where_Clause" />
    </if>
  </select>
  <update id="updateByExampleSelective" parameterType="map" >
    update student
    <set >
      <if test="record.stuId != null" >
        stu_id = #{record.stuId,jdbcType=INTEGER},
      </if>
      <if test="record.name != null" >
        name = #{record.name,jdbcType=VARCHAR},
      </if>
      <if test="record.age != null" >
        age = #{record.age,jdbcType=VARCHAR},
      </if>
      <if test="record.school != null" >
        school = #{record.school,jdbcType=VARCHAR},
      </if>
      <if test="record.score != null" >
        score = #{record.score,jdbcType=VARCHAR},
      </if>
      <if test="record.comment != null" >
        COMMENT = #{record.comment,jdbcType=VARCHAR},
      </if>
      <if test="record.isDeleted != null" >
        is_deleted = #{record.isDeleted,jdbcType=INTEGER},
      </if>
      <if test="record.created != null" >
        created = #{record.created,jdbcType=DATE},
      </if>
      <if test="record.updated != null" >
        updated = #{record.updated,jdbcType=DATE},
      </if>
    </set>
    <if test="_parameter != null" >
      <include refid="Update_By_Example_Where_Clause" />
    </if>
  </update>
  <update id="updateByExample" parameterType="map" >
    update student
    set stu_id = #{record.stuId,jdbcType=INTEGER},
      name = #{record.name,jdbcType=VARCHAR},
      age = #{record.age,jdbcType=VARCHAR},
      school = #{record.school,jdbcType=VARCHAR},
      score = #{record.score,jdbcType=VARCHAR},
      COMMENT = #{record.comment,jdbcType=VARCHAR},
      is_deleted = #{record.isDeleted,jdbcType=INTEGER},
      created = #{record.created,jdbcType=DATE},
      updated = #{record.updated,jdbcType=DATE}
    <if test="_parameter != null" >
      <include refid="Update_By_Example_Where_Clause" />
    </if>
  </update>
  <update id="updateByPrimaryKeySelective" parameterType="com.asianrapid.po.Student" >
    update student
    <set >
      <if test="name != null" >
        name = #{name,jdbcType=VARCHAR},
      </if>
      <if test="age != null" >
        age = #{age,jdbcType=VARCHAR},
      </if>
      <if test="school != null" >
        school = #{school,jdbcType=VARCHAR},
      </if>
      <if test="score != null" >
        score = #{score,jdbcType=VARCHAR},
      </if>
      <if test="comment != null" >
        COMMENT = #{comment,jdbcType=VARCHAR},
      </if>
      <if test="isDeleted != null" >
        is_deleted = #{isDeleted,jdbcType=INTEGER},
      </if>
      <if test="created != null" >
        created = #{created,jdbcType=DATE},
      </if>
      <if test="updated != null" >
        updated = #{updated,jdbcType=DATE},
      </if>
    </set>
    where stu_id = #{stuId,jdbcType=INTEGER}
  </update>
  <update id="updateByPrimaryKey" parameterType="com.asianrapid.po.Student" >
    update student
    set name = #{name,jdbcType=VARCHAR},
      age = #{age,jdbcType=VARCHAR},
      school = #{school,jdbcType=VARCHAR},
      score = #{score,jdbcType=VARCHAR},
      COMMENT = #{comment,jdbcType=VARCHAR},
      is_deleted = #{isDeleted,jdbcType=INTEGER},
      created = #{created,jdbcType=DATE},
      updated = #{updated,jdbcType=DATE}
    where stu_id = #{stuId,jdbcType=INTEGER}
  </update>
</mapper>